Feature_1,Feature_2,Feature_3,Feature_4,Feature_5,Feature_6,Feature_7,Target
-0.5154292155520029,-0.23751221650546026,-0.2386952873251302,-0.3382678228694854,-0.8705759053407944,-0.9026431110254871,-0.22152345288746952,1.7186755142348944
-0.8712559815086954,-0.5952221170125206,-1.0161409552649092,-0.8867382187494744,-0.18821073779643582,-0.6859204919484788,-0.8931671845694349,-1.4742391110159585
1.4847159814952242,1.4204283840254974,1.9874617710875482,2.2326752790895465,1.4223225802234531,1.4286093603740795,1.569145039860283,10.149621077339482
0.23565366888525757,-0.2103363666935399,0.24990961454902086,0.6128821089578813,0.12503001493436103,0.37075017968831586,0.12729482412534576,5.364267609820186
0.4889212513407012,0.41829420669269946,0.6578833206877738,0.9541052217344405,0.3712671997126023,0.15070393551514202,0.9790679222755184,3.995783386836628
1.2284988056561028,0.6136249282151688,1.4533546151678232,1.0455189029599181,1.209500535282808,1.607466857884317,1.0134839994635667,7.794976236939506
0.022426773037448222,-0.25422504933877194,0.5449001587393538,-0.05943703809807422,0.21166031041581204,0.3153326609863876,-0.0065914556496310985,5.187907502480907
1.780670897288065,1.5946641585512935,1.9301776835437126,1.427234605644928,1.416186343750744,1.9771584090912573,1.6744296874614057,10.44950670910243
0.7119173205234219,0.8873153582810175,0.6257412296087508,0.8140078717964413,1.1336774786054193,0.5040908696453036,0.9403679135181574,5.9997996378331875
1.3816755066253443,1.4577291808378743,0.754321438922159,0.8628862002237717,1.0835230181896587,1.249307343667045,1.2171034382827148,6.189120586079541
0.10473070563039018,-0.35138426603776773,0.09251636333561179,-0.5291433725565925,-0.0621222191094955,-1.186624590703335,-0.4868946757105546,3.943083606508627
0.3127705162969077,-0.277886289889847,0.5302555681877624,-0.07745735335259749,0.5153062532296641,0.5482957712577186,0.45005551646764147,4.3063596618435245
0.6261683270824455,1.0846433683404093,0.8721032992354323,0.6408521420661398,0.8209304664192402,0.6098773325373907,0.7568992983128993,7.535780576652322
-1.131741863637278,-0.9384706156120203,-0.5579458576421855,-0.8816396140112999,-0.7367461947950165,-1.0307560525829451,-1.2061121495700255,-3.2066377076865216
-0.07356947990940634,-0.41142438177470403,0.0574829687154503,0.3004068038754727,0.12618867871155295,0.0774039597222367,-0.11071434750189983,4.774800612005668
0.165872172623108,-0.4681864354097074,-0.7499259883235878,0.0455102676613802,-0.5465779613975501,-0.6331488480398655,-0.517968811782319,3.2466249827150273
0.6635723511251036,-0.22381653440193475,-0.10175220915118205,0.21754208085115764,-0.49566943114374223,-0.29893500041858556,-0.16407892924011414,3.3390140857927557
-0.48739505792946564,-0.910052405379552,0.01968206757151296,-0.6986508375889949,-1.052703268470944,-1.2655638371898446,-0.6382151496492258,1.5429486173998868
0.7813388848159424,1.00941587691717,1.0046654322679833,0.9600947055457522,1.4423092727701732,0.8286370848707182,0.6034759273467197,8.57102803593583
-0.7220208309853329,0.023791206388179446,-0.6301887344391129,-0.7580932009107146,-0.09867858643589357,-0.31720758860840187,-0.6674891096612702,-3.593713849416319
0.16519891572456283,-0.7652115205047094,-0.2825749751797479,-0.5002853032827006,0.09907899432799423,-0.16061498109065106,-0.07804420936538865,4.6684249966980405
1.4154068606626198,1.3063463964503452,1.1078703796991027,1.408916166600536,1.0925244383436563,1.1975490347575084,1.3095728430077207,4.32964957767285
-0.48937156404482596,0.30039003856318774,-0.34604216960055967,-0.5157692863710858,0.09376612269811976,-0.6082469258819487,-0.39634240165474105,-1.6285418637437
-0.41339477606632985,-0.980991445018711,-0.3274435300875065,-0.9129833739846204,-1.2653152727584758,-0.8994421541381601,-0.46860725155997485,3.3989324814320736
0.013964563975711192,0.03432401346405738,0.4675916894160331,0.23699133126237057,0.26779672323914117,0.4933122752983965,0.12847082451315753,3.6350954253329855
-0.7871319033583905,-0.4497457167984283,-1.4045809058369203,-1.195370581364776,-0.979926951288508,-0.30072754004158886,-0.41908567400756797,-3.2085957807697283
1.165222540532819,0.8999880551962529,0.7875393867168611,0.9648959089858983,1.1566019260036977,0.9371125105782102,1.2564232387298813,6.817608711508968
1.3177448010838366,1.7578690616224075,1.6620111140437976,1.456583484388649,1.5054859242255016,1.1719284675776307,1.2676741006641472,11.015001116412355
0.8901354580883132,0.8890896120123871,1.0553371763866606,0.7232112631826605,0.5400515390171382,1.164616147975185,0.6534642915326943,4.281952582398029
-1.4109677799404128,-1.098318607306784,-0.14318144513444447,-0.8523943495550669,-1.904255665184341,-0.9373026745370492,-0.7069719008793831,-2.8443455517454
-0.21341615961536758,-0.3278405550157664,-0.6887601186151716,-0.8839663158447248,-0.38137774901230587,-0.8085401420335612,-0.5172291184598785,2.7275962251108345
0.08434200267880097,0.2841514395136323,0.31033735587527034,0.049341691822776854,0.9221084157737105,-0.5501671956150807,0.4849795843417585,5.194131816812613
0.7700652642238136,0.4261323715883029,0.4537304395936823,0.19840308425665376,0.698669014109323,0.5468770811132992,0.06489496394423053,5.8304007041465535
-0.19363193063767928,-0.4471625294173375,-0.4778088091752983,0.36389663676969536,-0.3895880359378026,-0.6316621353825544,0.3271388093555074,-0.19130397661914422
0.8823558188525759,0.337232675612615,0.491965348837101,0.3023722016120249,0.8953086272900054,0.785799636851526,0.7344879403282436,9.687104374329133
0.18079460840528763,0.14694359196176793,0.34640602453679586,0.7543670139928973,0.04105737626120073,-0.010096625404876842,0.7794385130818792,6.058109274610275
-1.726894563190013,-2.544444515071733,-2.1287920890267125,-1.8431917862894378,-2.3145652460681774,-1.7148709101900819,-1.9314269709801868,-2.125509843699249
-1.0120692803881104,-0.7303547295537953,-0.8043639547969621,-0.6465250041668845,-0.25649781159087937,-0.14274658997279638,-1.5922854111016715,-0.14436396325290057
-1.9795862766515129,-1.6464886108343555,-1.6384065990803487,-1.0724826894087272,-2.007925580843966,-1.3198827428613378,-1.261413779215485,-3.9837015330705485
-0.2971409870805343,0.17412119153352004,0.018573343650814624,0.0020727997252554258,0.19455506078083107,-0.12484817780990262,-0.03582597563336398,1.66221896475118
0.08530866910998063,0.21789467011073976,-0.9010398349465677,0.2249147399014469,-0.5364752723320049,0.3515807736162193,-0.20198714617970986,2.8165467400683863
-0.4802728499770756,-0.7309168240971619,-0.3663992297610872,-0.31714914273254524,-0.7173495636837656,-0.6163046032826283,-0.7093797031684477,3.8115060311819535
-0.544235255609161,-0.07965285640312966,-0.582092215084555,-0.6033229504951845,-0.2251545044464681,-0.2462877146364418,-0.10885919100979889,1.5149361552401848
0.7544206896462242,0.680831550563472,0.4862409459494236,0.08047794551584893,0.6535377920002109,0.5516436124769339,0.542296135488547,3.4669893290496847
-0.5823211009310512,-0.5394783213371628,-0.2612885831741019,-0.6926205736485576,-0.9050313548346406,-0.5862620441376897,-0.09487409750837339,2.44686326701281
0.17957187238994585,-0.11985064486477846,0.11901381011796733,-0.027874319192520074,-0.16617374525021641,-0.13512158540955746,0.009850014626905424,3.9622119075604654
1.3949568839732336,0.4013348463139413,0.8329217955512697,0.4926704043828315,0.4504219258385099,1.223638053719447,0.6806363985795388,9.773453223016901
-0.6043987113299719,-0.8246348849265798,-0.30783172220729005,-0.8067174595171065,-0.39337772474454125,-0.6513164449642849,-0.6174156159391827,3.4169126705371147
0.6952341533312685,0.9538121900616319,0.9624117545131676,0.7668383723465666,0.84286759676625,0.7781126348450039,0.5260073507139326,4.34261547539084
0.34682449416397504,0.5846535621080707,0.5533090841273302,0.7441711397385351,0.7072007481214815,0.5522783505735192,-0.09532465437468815,5.268999426282641
0.13465557811484719,-0.14566796644893823,-0.5904519091711173,-0.13248268163283625,-0.4421982409710214,-0.4166597757549915,-0.48818646079891354,1.482772759986016
0.3704927708278371,-0.0015721286658611894,0.17752637812965738,0.28507240897536973,-0.007829438314581027,0.43806217154455884,0.6703209934887235,2.202316044273285
-0.7773692010972385,-0.5942027956123508,-0.7770117485157682,-0.44001987184989316,-0.7006103341431167,-0.6678723324750265,-0.6622408396454235,0.473231922035377
-0.05132609826516798,-0.23189117072571178,-0.37750431109804117,-0.7901215313405456,-0.5014951562148051,-1.1719181547428226,-0.2089856861516441,4.1089864607144255
-2.330497598361589,-2.2788352801510223,-1.8730977180034567,-1.819946733802667,-1.5665576587877448,-2.2599865562453103,-2.5280430963305625,-7.591760253367486
-0.04374806050253477,0.3835220808893741,-0.2925147201669396,0.051449684522860424,-0.3304793313892737,-0.599949935173746,-0.1749074732496921,0.8992819328060736
1.7985806229793453,1.5741189231727166,1.4691758750080786,0.8108972318015915,1.426489383172462,0.9836252471505272,0.7738035168517446,9.682600834316402
-1.6503793958957511,-1.2696309072249048,-0.9998557010831574,-0.9216732539160807,-1.2571595838277976,-1.0943488196086117,-1.0920037658039208,-2.0988613839470034
0.9791559399407611,0.9780986547758074,0.4769267454644458,1.2194685179334657,1.2658490584414879,0.9981598685021563,1.228223909146376,6.335914696957461
-1.1244011322534235,-1.4273902312725228,-1.0085771873495728,-1.5301463305619811,-1.188016407115586,-1.4835069766399214,-0.7898107244996313,-3.89133581014876
-1.4565407242993884,-2.1406419008024815,-2.1177921876782317,-2.502594297427764,-1.8345617470534576,-2.0877660945463603,-1.6532663562867498,-3.874085903995393
-0.34611570579450346,-1.1485760796742774,-0.14124369158068625,-0.4247607407851173,-0.5458835304545692,-0.7280928098319687,-1.2572621036871625,2.0727031834844096
-1.414835373595335,-0.9264881870967154,-1.2890222023230207,-1.4071662134473415,-1.3894200706771127,-1.5057822730700026,-2.122982408353019,-6.294147627324024
-0.574022910236104,0.0722211768391319,-0.08016897523472181,-0.04456863438959339,0.29682901324207295,0.5659609678917276,-0.017415527649081993,4.104522086889543
0.18124478680917958,0.5429795721932407,0.6636513529555161,0.42018936416194574,0.8283325581916701,0.18795250193706425,0.6151051333025963,5.311382020403969
0.7267961533209468,0.5375415644402727,1.3131229313914974,0.32197675961523836,1.0393567262238506,0.8078627002643228,0.5602632037739554,7.0995241288151245
0.7317124598155389,0.6133663934080705,0.5851526521038074,0.39949521310872405,0.7452498543318605,0.8536514665023026,0.7548308573988642,6.2153335534646015
0.4700606566016223,-0.09676392303567034,0.7688301674407211,0.14495659767612765,0.618856929653175,1.3128932252159502,0.6352791824207351,8.83343807606737
-0.46016918716688027,0.24926722459812384,-1.2768977973319606,-0.5277958573766413,-0.33115915474914576,-1.0064958308084242,-0.5058067092342199,-1.5383671568496204
-0.4159852710874498,-0.4781719635304861,0.5315880568596553,-0.46338451739166653,-0.10094787862663362,-0.07289068488783175,-0.36204686920271023,4.537593584893308
0.4409065811256263,-0.09552868410196036,-0.4123387518282297,-0.3385406294374449,0.010811774040310104,0.41661541849454126,0.03143741407121886,3.6706786020551014
-0.07435618839924188,-0.22697376041909095,-0.003457598881549308,0.6245668308734169,-0.15871107476816548,0.349361354069406,0.7635605451723644,5.596336363757424
0.47951758118687576,0.46582894861077995,0.6343139670409661,0.9158097168110175,0.5666572742468053,0.8395969819280884,0.4532085633408018,6.560783083941759
-0.021920004356367,-0.23412926151383695,-0.07316844895434384,-0.12158762147437492,0.26607536360191075,0.3894638485498322,0.13152386802507335,4.09780508632624
0.12500377392921347,-0.6031460849170509,0.0663140047758475,-0.22422276163580043,0.2468584900514897,-0.25933222092916774,-0.016334155643388065,2.1391441736104184
1.2493017433947295,1.8052844552870666,1.712864374301152,1.5752884186547975,2.361951764360061,1.6298697300189604,1.7460211638460683,9.023409767024111
-0.29136486663314887,-0.023523376249116018,0.4452349166251707,0.35035561224471273,0.0001319500670032338,-0.029870478779456883,-0.008673148558122712,1.8418953850248372
0.7962797314952438,0.08028625343949133,-0.0701868522018477,1.14186067359785,0.47353848896103556,0.6012925041460367,0.8382281354624299,5.2699726048662185
-0.6112320949598761,-0.4076100219396893,-0.39705022010188823,-0.4567090944108393,-0.867967147121148,-0.42591324219911586,-0.6960236291790115,-0.4449100764673082
-0.14443291781563128,-0.37127539503921253,-0.1801192279456659,-0.3537620461617948,-0.06273876593188255,-0.18625875525395696,-0.40432288790957494,1.1809768139082575
0.3305373778559618,-0.22408481589208598,-1.0702611370917159,-0.468061812659483,-0.08580680500940754,-0.13803248342188978,-0.28383463946026605,5.706822523118104
0.4162030879292795,0.9173240788611571,0.8493450827912472,0.8975997673556474,0.918022239964238,1.3703364753220695,1.3785734249027104,7.673141319623061
-1.440417556305665,-0.5503512776398265,-0.2752300542730292,-0.9306259521495748,-0.5398397173171459,-1.079860400901314,-0.7351190058973511,0.8202356794742252
0.5823507574321193,0.9748558268093132,-0.11268651029932966,0.3303866596946126,0.4208440545484609,0.2512772632491019,0.332610325073924,1.3503900859828195
-1.0445885790773313,-0.7057720007682374,-0.5926597687505109,-0.8121061202381529,-1.064082996272047,-0.5624229605626884,-0.776037864747846,-0.4275272737918614
0.4086576622007812,0.20228512178096794,0.4750746281646146,0.2713061060234483,0.7568433337944298,0.7491049023599022,0.5504109160648665,3.6211953162980253
-0.434612174055611,-0.8394209061729209,-1.3221271188751775,-0.6361082692839024,-0.4210561068959453,-1.5032600627940638,-0.6639314594407059,-1.7152204039312748
-1.2389133220077955,-1.3972566278206298,-0.9371974457747343,-2.0805567424561477,-1.2460225896183996,-1.619351417549753,-1.494145641546082,-3.754630651013388
0.10788127978268158,0.07935293986449223,0.33856900107342713,-0.15707690069111346,-0.5085370560033342,-0.34626162877678945,-0.2461376493039193,4.665500581444074
-0.8200303410417384,-1.4747173221345682,-1.0863180373641301,-1.291098563445465,-1.5942465168791744,-1.1481489307335002,-1.5907136605254297,-0.7322367776801282
2.0661121970793754,1.510207480992093,1.6340063245730878,2.096331682048794,1.4134852739359884,1.3994520377770983,1.2085450196350433,12.647288142469547
-0.4477672664168726,-0.4636053018057783,-0.4350827747894166,-0.027731820875170763,0.19746207423823842,0.41807743667310715,0.2679099539896968,3.6152781494795523
0.15513002710935186,-0.4487432719267008,0.9828815997476272,0.29191205539005405,-0.02832381235645479,0.3581259963292164,0.33384459385659515,9.3533445220238
-1.15592475069115,-1.3818045350596089,-0.966211868213285,-1.020045078102305,-1.0135993075802165,-1.5768356852950873,-0.42599419516865306,-4.171077597782633
-0.23166965947255636,-0.3774031853059996,-0.32610433757958796,-0.04253276937290658,0.004821262274039585,-0.05419268339990469,-0.2987554367433206,4.693900435713263
-0.17641644795263123,0.28212895595527815,-0.6097042517064488,-0.6630033425955033,0.26282217841577576,0.6886776552294811,-0.4968720843437924,4.020978319968636
0.2189252627406356,0.033066579314911373,1.0565990933353444,0.02553347717783102,0.3947576355219861,0.45633612092798953,0.10848592343060662,4.122013603540427
-1.0045552763221313,-1.589959823852544,-1.245573041912258,-0.8428806017250146,-1.4893007656224417,-1.0520162262544264,-1.2865888204499991,1.270184817286408
0.12005873711354141,0.4527798218231131,0.18875228046850553,-0.14860920279418846,0.5781786488488374,0.10936217683009078,0.30804276970848044,3.3344786332420675
-0.4153048188668584,-0.6635988460396178,-0.3136303498744546,-0.8152030001848228,-0.3553760634347369,-0.8526838265409158,-0.7068327050527505,0.8245517877850341
0.8069372611110086,0.2589322002588147,0.5913685477105078,0.31145969515217714,1.0303419423227798,0.5647875218267223,-0.06509551864255696,5.68209109217927
-2.2874306861492344,-1.0897402571882595,-1.7298054572175317,-1.4792762302777964,-1.7640733818283028,-1.7446865212234455,-1.650316641002468,-7.438740786538863
0.35899937457682624,0.030674395920450702,0.07290461532896739,0.024785267303845115,-0.05419860331937172,-0.12424121596452793,-0.05702422481118467,6.850772251463332
1.2405254762117561,1.9278222213766796,1.7211331425901446,1.6878713240421057,1.6046431034189979,1.5941138238255406,1.6705271707574132,8.07203801874707
0.2882446781678561,0.5942792891203336,0.4338822563427646,1.0536941017215864,0.16664821552016026,0.7567779271705175,0.3192363195540181,6.182743541116859
-0.37693179442541,-0.28252964553803456,-1.1946655074555845,-0.11426329545557687,-0.3985904025396442,-0.7705347732561124,-0.02571195873470835,-1.4822334319472503
0.6050795091056171,0.7061975137228614,0.30276194511592947,0.7396375539187053,0.6696532503281093,0.7416592751258941,0.4170967750336832,4.182136001333831
1.0747302516041117,1.035669641416005,1.7258422310024941,1.8129901432845135,0.620166751482908,1.791100826167042,1.3546770399508088,11.01546096719344
-0.4175876589244965,-0.636618940222291,0.17606240583485655,-0.3110916699770933,-0.9979370621318033,-0.7139650590198617,-0.4007769598852249,-0.24939006889429916
0.42832360917655493,-0.16648691758648054,0.09570821640332663,0.26415670619723325,-0.6418608040253199,0.33938117224541864,0.32373384360915614,4.0353677132099826
-0.841413699542442,-0.5369470148741938,-1.149302287591843,-0.31088288966821886,-0.6422429920888316,-0.8456663566266471,-0.41072678438959453,-1.0159698442306655
0.21488120697709392,0.4734893934243976,0.537948057676632,0.19646676607644797,0.2504737449787294,-0.04800894358950073,0.03146135996180102,3.6858925992438674
-0.2188418502063973,-0.3710615529326276,-0.8061368862235502,-0.14167734098230206,-0.7910127381220534,-0.8117277669514101,-0.6063761927377055,0.5828254214126518
-0.11907727029400057,-0.5816317514656405,-0.11939165544394277,-0.14945285332062366,-0.46260917303754356,0.26275699955748033,-0.22070618281724438,4.397466620147325
-0.01836584104544616,0.2149596672895164,-0.2777940117977076,0.027733338139322567,0.0048088703799279405,0.04494868439078433,-0.18583353395410604,3.495186421890196
0.36065920292520887,0.1518324270524984,0.3560688325118771,0.3733397428924987,0.5274069960123646,-0.1307613785921664,0.4308298333966646,5.222240896876039
-1.3260301453421799,-1.0834051156237456,-1.3979613040566525,-1.6942630585732128,-1.4617071809150226,-1.0286494203359895,-1.6930122160941126,-3.965335049656617
-1.170240652426475,-0.5505236022698219,-0.8722067907840048,-0.8421059243185022,-1.3916058637068462,-1.6664871865179645,-0.6383886909660927,-3.829886310223416
-1.6634375968602757,-1.622541751406209,-1.5569982367507895,-1.2080614904161373,-1.0740603269720592,-1.660700838192914,-1.7867187462779706,-1.0580999216187847
0.7240001975525016,0.8401040033444899,0.9524696892125318,0.4840445537156566,0.9492326923482717,0.2479141065766288,0.9413190067924688,6.357547540533895
0.2448632702100629,-0.29129557119491883,0.2208370030722601,-0.06072643799406055,-0.007572155783233544,0.026974761593460454,0.19799359913865605,2.191704824847393
-2.53442712652531,-2.4349227981275874,-2.0506536489481446,-2.0274646301550554,-2.5402617226949054,-2.2838024999402933,-2.5624794152644483,-5.410842032589912
-1.525359258414377,-1.5363242705758973,-1.0445861635914215,-1.4317861143251542,-1.243978221335774,-1.4683111961116124,-1.2574877501654356,-5.358499100550873
1.9023917161998203,1.9111165589968262,1.3537572497379298,1.245567918895759,1.2690504801535718,1.3687318006744744,1.0946843671212412,8.928678756301569
-0.04116113736243417,-0.7633544453722264,-0.6144461774729004,-0.4601953565986375,-0.5583328091668508,-0.8066610211028551,-1.1636704021106061,5.337705330376213
-1.867466591012489,-1.615585821716613,-1.641032159682698,-2.4791559981524274,-1.6249349588322173,-1.387979282932074,-1.3953238253332916,-6.052724190566893
0.7736926222180789,0.6078538488334819,0.324759222922909,0.49141771783385996,0.14654125102393253,0.052909024951082365,0.8787816479296059,2.9089423105700014
-0.8199108048822934,-0.9340188718753343,-1.0136519535276611,-1.5208506867457283,-1.384825573504921,-1.112318634907695,-0.6352872117477281,-0.5717509549912119
0.2027488177732464,0.4812879599416009,-0.06811101846282977,0.1907037413899943,0.024734370671525924,0.32627450374931,-0.03907023496506254,0.9263093201156374
-1.1664857151497636,-1.1596693326300371,-0.8590296942233729,-1.3272115925602601,-1.8459529750311603,-0.7952705452837828,-1.4034166994541102,-2.0040375569075337
0.3584529276231957,0.3803443940073509,0.42277131096010356,0.23181006252719305,0.14410066311105774,-0.0914459707130083,0.6140125822632161,4.3040203072930305
-0.30913482930938935,-0.09518302076870204,-0.13702965295103345,-0.1963880241232969,0.1495835201642015,-0.5705089297807364,-0.09036621468303624,0.4078023054253296
-1.5886265997514981,-1.2809017642586038,-1.3527931467353635,-1.121176548534084,-1.1130690202574482,-0.8554545767508079,-0.6867602978379227,-2.8991754862078087
-2.2226652597516443,-2.345798623599524,-1.4461720435892114,-1.2831914376362743,-1.7762989973097503,-1.8568827357286528,-1.6601022914483652,-2.491308662077487
-0.3982633835257911,-0.5350295948897242,0.1525503748106442,-0.046239190456141104,-0.6958375234019651,-0.24959097723008758,0.14058380147036292,2.92506914612436
0.5765687040236579,0.8995321495892724,1.1624800039894763,1.2052821360932358,1.0004903064155877,1.1692052890364117,1.1488186027575498,7.031573263735644
1.6193915751325325,1.12102924368083,1.251308676107751,1.020012727718356,0.9610305580926091,0.9522306979996139,1.4519005840812558,7.732054390993611
-0.23992130718915347,-0.05655171644984278,-0.44069557428221445,-0.449218712542357,-0.9777336279750611,-0.46020242304218933,-0.37231548414813764,1.250322225720605
1.1740161143999222,0.5542407707224271,0.6066432629821995,0.7889915493092396,0.3071501213647616,0.8680517350491528,0.22818965727912094,7.4068929367365595
0.49339874745308054,0.14968146659103332,1.1107489009678593,1.3168828456438872,0.8013595778807068,0.34920058174073143,0.1469230464419999,7.858818130376109
-0.6268074449964482,-1.0294892628019514,-0.5564522296601856,-0.32525656587485513,-1.147379901032853,-0.7764290406027805,-0.7977662077292144,0.4328189285731707
-0.9036104943655732,-0.7988531896527075,-0.6922128207181047,-0.7105217432843002,-0.3997696292757943,-1.230327702995215,-1.1371360782126128,-0.7433978499794277
0.875434174306584,1.5500913965723313,1.2130655274071431,0.8293687591568342,0.6367796961371052,0.6563950993641151,0.9429887395018153,3.6755482527857364
-0.8666609200707404,-1.043531939869463,-0.6421773389855834,-1.0866731829760037,-1.0313771913082903,-0.9153333593868622,-0.6030784008438341,-0.4472913307284293
-1.160265170485388,-0.613151805722265,-1.1835969590046955,-0.84350956417923,-1.7731366935701154,-0.7698297289530258,-0.6814604992691675,-3.6729055642318578
-0.37995456756647167,-0.310696976958106,-0.2063900069373086,-0.32855289128012133,-0.026964803277646908,0.03557529339003052,-0.10768837811628451,0.5430505461441757
0.6504799841246417,0.4313692606103385,-0.1277357355510573,-0.16360159983547726,-0.31517591982584703,-0.25372687809042727,-0.05859700097376751,3.4564024740994994
0.902624613777713,0.5343362815870578,1.2850568460302443,1.2595446135181667,0.5715025835288224,1.057117145696497,1.2356551537635243,8.170038200099585
0.7433310852818817,1.2905952097263576,1.11229714769103,1.3460827048585018,0.7235896895800127,1.260110311582956,1.7283869083360406,7.163279155565369
-0.01371895882240543,0.40430425625752686,0.6426316477889252,-0.26191452654378955,-0.07319793548294179,-0.3660420830827378,-0.07431442320059062,1.6192509473043035
0.7140317593678178,0.7174861297562651,0.5145776413160215,0.7635560459029693,0.6079773201869834,0.3764303514764229,0.4930072035430464,5.857550786242996
-0.9621935906953041,-1.2146064281963953,-0.8606056906704586,-1.4201581058067418,-0.275131852841335,-1.7309112128940285,-1.3857970578623005,-0.32572416628229806
0.01875404633411143,0.048103247351841516,0.6353713987742637,0.3834516374957976,0.5489524171973617,0.13607425636072507,0.6552117776969378,4.716606319627022
-0.433647128887172,-0.8602528184805075,-0.5514749955239737,0.028274001340827474,-0.2900551715842053,-0.7656779412829527,-0.3201338748806898,0.5172551479876151
-1.1860813919585624,-1.513834227640515,-1.043108178707526,-1.9996983409043743,-1.4301833511550386,-1.357953762978344,-1.5141465566826497,-1.5598648642764068
-0.10956235455824014,-0.39140201561671273,-0.4729434561993729,-0.4464483260252345,-0.44029468844621394,-0.450945618666414,-0.5667927880849151,2.552326556973752
-0.6805387199168619,-0.5068016235335608,-0.8842155851093605,-0.13405294045300362,-1.0509666754812776,-0.7887776648947293,-0.8248752169015489,-0.07787441481511645
-0.039118909653737974,-1.2103129750084836,-0.11544285226228827,-0.6011843375810189,0.07720865680287325,-0.6821218011410127,0.2518277593351398,0.1707128957000572
-0.8943324193913611,-0.6787154580933452,-0.25543138783156777,-0.5101944101858892,-0.6884209521986343,-0.9651768346569644,-0.10919599099454667,-0.20362051588533486
-0.429924392756258,-0.3413384425672468,-0.28801155096909303,-0.4946086776157259,-0.7446524305237026,-1.0470212016359892,0.027818923719055238,3.154762706251596
-0.7095580902094344,-0.9853073300566995,-1.515932906637426,-0.8816431268030764,-1.4815737904113675,-0.6572061352037813,-1.1683734719000964,-0.9735695916456617
0.7024478750828541,0.8558050132044362,0.9329041919914776,0.26946808081836093,0.6045542943795071,0.7698424251458298,0.9135577409072011,4.276164878474087
0.5157142178849721,0.5187785415867882,0.022356252776618856,-0.10467603354768527,0.15408423468052504,0.5384772335880006,-0.0105256712832615,4.75071962353765
-1.3593590905604518,-1.33715750127286,-1.7368006830989364,-1.0896014845597044,-1.0007453051443782,-1.303463526986604,-1.3808635998043302,-1.967752338965675
-1.7726033479185608,-1.7326987988174403,-1.1693773754434915,-0.9550494373397672,-1.8146846549680793,-1.1325151191730327,-2.095540454391813,0.16992312762628803
-1.167039611919232,-0.2684599211574007,-1.0236099052350132,-0.20860711020775888,-1.6651148743673296,-1.4326080963001564,-0.9935492229248784,-5.0023761056127976
0.8469619864599751,1.6985135848907613,1.292391415329194,1.1782047660663362,1.052683892097413,1.070475902347634,2.1615663481162946,6.269543759345909
-0.5938298133635675,-0.795344598551816,-1.0256383452939286,-0.6703314720369975,-0.8180184767361657,-0.9277934584003547,-0.8811933080469714,0.8817835335434979
1.589985440266331,1.393008565415812,2.0528164085554907,1.3270720179997517,1.4726049545188837,1.99474355221859,1.5012034057111812,10.456941103762436
1.2119523507406103,1.8075449880931047,1.3862204232774757,1.3111868424919915,1.7989521056081115,1.717662811589774,1.2782810917921246,8.577918363027267
-0.4913209290767595,-0.1624147985390346,0.31206196489929333,-0.06210465731103469,0.2251428083010234,-0.334841503481133,-0.19183067493731826,3.6776117904911585
-0.46272609398101083,-0.12170724004475353,-0.4943458056756002,-0.5889781359308369,-0.6768661162240456,-0.7046743937986528,-0.6486722937247882,1.3649593484126648
-0.034835132803805846,-0.21599096454523908,0.23322018785969917,-0.5066551401314191,0.5490307253086769,-0.027672757385508128,-0.32413106018368876,1.9216050180924849
0.4522159819070191,0.9185488840749517,0.38746207527973336,0.8035434802090302,0.39469572514341233,0.9066240044472843,0.7747184983267507,5.830159438482673
1.4267799145072564,0.34396221774204006,0.7406958177680066,0.5980473718529384,0.7286245326812231,0.8072730068156593,0.9458290405966387,8.131199213734103
0.13695901713427944,-0.021389800143143498,-0.5139008480697301,0.11410349268424566,0.156367827034681,0.2828633932898083,0.7139232387389838,2.9675448429151148
0.8396753431449102,-0.304472169547355,-0.17719096755933664,0.10802702256935635,-0.3892145099408486,-0.10948177567271312,0.6235535443343333,4.83550880702081
-1.6680422220713473,-1.622499490178612,-1.6840796098018134,-1.3723553442807959,-1.1158712142457963,-1.5881657008893675,-1.8483013138500421,-3.24012400200299
-0.2580151088025787,0.02457373009156271,-0.3205705077421333,-0.35839886813439575,0.48059938326886964,0.4497494269075154,-0.24606825925393913,4.514058669164726
0.0017581867603565836,-0.7890365010901608,-0.46537406360901995,-0.1871429563110293,-0.4305179223615232,-0.6906746457357898,0.0573224651158461,2.299524332344177
-0.511610539258687,-0.42067477033484096,-0.8276540096577855,-0.18531800413201602,-0.6137240926786455,-0.38315965582801914,-0.7948974036709077,-0.6677435165254284
0.6489599012309984,1.2071225620499642,0.48304115256250924,1.101071466785022,0.7973531299942842,0.6622550974395218,1.1503038202759774,3.9066374508992365
-1.1184527976385297,-0.5116234614988081,-1.4407954120610142,-1.1908527701715912,-1.3462400473439227,-1.3437677136200212,-1.1678706284901892,-3.1600665529521073
0.353102041172814,0.39045434016669744,0.05557193841551956,0.6585188399386879,0.04239866869714328,-0.06400865845884686,-0.4155138311176792,5.833306893569806
0.4247184414128038,1.2912573880646276,1.2514864895085032,0.9148560214321886,1.1557238723442422,0.6160981907264119,1.7310014684971904,5.1661516313085905
0.3636346361668821,-0.02612835349098201,0.12354746081677662,0.28783508446585593,-0.25309953625031156,0.02326269450470231,0.14284417268985197,2.867193081882225
-0.053966001536241245,0.38773589993964497,0.34601384055421774,0.23917453673645456,-0.09568649741095868,0.3747949978643258,-0.02701209871403484,7.034759206531432
-0.4612254702504,-0.2693070154823596,-0.8549205814296692,-0.5886669806593161,-0.23709957372538462,-0.6938941919381237,-0.07217447545090694,0.12314469451191778
0.9290828144668873,0.8671765019824105,1.144021214160937,0.9091946557386208,1.0930380832795985,1.1351035219592798,1.0514874132958463,9.288189756453049
-0.4463083707164773,-1.0375192648841531,-0.3061901972369536,-0.0030066050857753455,-0.5547226616297627,-0.24423058372841794,-0.6643141425784721,2.9756712722788965
-1.1068608168702077,-1.6122295708873573,-1.6825373946838968,-1.4595756273278753,-1.3933147831003345,-1.828949529371324,-1.1622765338048946,-1.8782934349468063
0.1755698025382179,0.4001980164304488,0.569563277733712,0.24374371178713095,0.020397069707713853,0.27161581088850617,0.34342667829755813,5.033465312636828
-1.3426810257524229,-1.5720730030204846,-0.63051140812706,-0.6587512402656599,-0.2529679602048438,-1.158243917356539,-0.740403350504022,1.6711387159377837
1.8815469127514295,1.9720027093029526,1.9977280194694467,1.9442894172217362,1.8836414168718778,1.319887409645675,1.062064120493557,11.871226958900282
1.4677922218660537,1.4118630818540165,1.4776838161077777,1.7344505863822308,1.0530349737215616,1.2474389123330523,1.5065059467122175,9.940325248534297
0.1435893142560499,-0.04795379849507615,0.665846538277576,0.37489309658271047,-0.12026580280809365,0.12160767788247381,-0.07663417149419714,4.24751288480496
0.8393859903996328,1.8304399718089277,1.372592165286192,1.0302281035872587,1.6024620707761357,1.3005114328004148,1.2068990385180562,5.324515902648208
-1.547522868254932,-1.8803378647551936,-1.4868354273961288,-1.9192174645826092,-1.7213597072776374,-2.315749456745415,-1.350971894089359,-3.6934879460275174
-0.7875390775943217,-1.2787134280525823,-1.1121180204644263,-1.0458227240311089,-1.9120070892018246,-1.1198900798877494,-1.4568287945991876,0.9452702730251437
-0.2375079456885728,-0.0313757090746481,0.052591033396125794,-0.44705356896253734,0.2184644872169798,0.06673283241678522,-0.5357203591163077,2.418427489468428
1.1581542044440942,1.2339391004121205,0.34809694094201654,1.008955407917435,1.112231781683618,0.9121827169687432,1.233708412027866,7.557727812279785
-1.5300205298584655,-1.4322424546746169,-1.0154632598431406,-1.4407253217014862,-2.003013952106763,-1.6106838920832258,-1.0166974143849274,-1.1450705812843132
0.8869648942665883,0.577778288800564,0.5095949070582751,0.3906822885289094,0.2517055864482684,0.785201876891762,0.9053199956457265,4.396921268118152
-1.132360381234084,-1.190834725652171,-0.5625319088658627,-1.5122262756079754,-0.3519980435721784,-0.9806939635655237,-1.4479468398350832,-1.4610759929809538
0.13051629279647742,0.276148291757398,-0.04061455232144085,0.32593421120303195,0.11555204740581901,0.15428371899808058,0.5190924908008928,2.7565079832859745
-0.343007419453583,0.23194985490180262,-0.21752298883396728,-0.4843790052917043,-0.6963012226016055,-0.3008483415659055,-0.08127766814334524,0.7953311680431491
-0.5527632344788116,0.06431867359601276,0.23558175858836822,-0.20088507540505834,-0.34404008348428866,-0.061272198628079595,-0.35256785705440785,0.8203269909153887
0.0700775301927992,0.35289488779141415,-0.830293326816768,-0.4780367695204086,0.003102762255691618,0.3161050987094113,0.4237731937365407,3.3685734315381053
-0.608740617833576,-0.39938448052419445,-1.0504641444798257,-0.46624200650776004,-0.7776386443274128,-1.0204562622362612,-0.7194004097113028,-0.21633319466489787
0.6432932406522017,0.9881552674648691,0.6456882026369848,1.1517318100007596,0.603485166855182,0.45680702057482553,1.2036110181073933,4.729360885334493
-1.3227247043778005,-1.124628257594559,-0.9211043435547654,-1.260267816731963,-0.948601790030909,-1.2193158495169678,-1.21274708914072,-4.004236355620778
-0.6609808479188225,-0.449237601865283,-0.0996991616560419,-0.8203405983747674,-0.11974114992315685,-0.4905538049137514,-0.1674950405574521,-1.2719143877098606
0.05819494841754018,-0.6198271004634364,0.17155769744365304,-0.5074927336634965,0.1952040031394902,-0.007028501977406861,-0.7944861417713391,5.125764625145904
-2.611301161494839,-2.333170594601414,-2.2270180648857596,-3.0174910824977292,-2.9110322769416737,-2.356192006967979,-1.6665394704238297,-11.437080336174027
-0.8057169349928586,-0.772191501918173,-0.9973105351125573,-1.01771708851671,-0.8942154766375109,-1.0603440784892257,-1.306841824476729,0.7608275885693521
0.6372502731190594,0.6088745101337588,-0.10081211131763178,0.5964827787237231,0.16249953693145833,0.5448752925666308,0.5844120540521639,4.105606756875384
0.1389472700863412,0.7023885314146538,0.46080217592655953,0.4857449646283538,0.8610593298050091,1.1016987616562077,1.0472516206889582,9.239268528780675
-1.4153695219487359,-1.6209893809310396,-1.599782943221483,-1.6567452605349904,-2.0192542067795536,-1.9982665021901749,-2.0995532703603765,0.058756149011649494
-1.350193734144837,-2.048233594693766,-2.0300478610636343,-1.3542507625886198,-2.0240893934151867,-1.6532703730001934,-2.1539785109258065,-2.464460810691664
0.004693550313764699,-0.3866509970469334,-0.28917431354146983,0.4291255787397245,0.9781066385429148,0.011078031418466482,0.2407669817266712,3.8816249326044225
0.5451714201016606,0.409147337103368,-0.256431405218233,-0.2956247136365016,0.20921005877715937,-0.11144403360597625,-0.3158636940034941,4.734161722082114
-0.06428291031566788,-0.013282089818895988,-0.688633679601914,-0.17668317040780665,-0.18529124462261093,-0.4235071959361573,-0.4682974605827347,4.05015425510573
0.32410884827905034,0.41922118698279376,-0.14982148796864636,0.16574735690643022,-0.0465642896898353,0.5811938087578815,0.22200126239424106,1.2445501825532763
0.004726146863473951,1.1078438495630156,0.8908034713172899,0.8128958906670105,0.702619525513262,0.5764408269770763,0.9059674355179844,0.6392079163872393
1.339188845313417,1.724732737989662,1.3006969032146836,1.8703574363747018,1.2736841221591155,1.755416251174373,1.1944809684412847,7.801352969460179
-0.43878240163227616,0.5011546992154869,0.355095258106745,0.09988798076190199,-0.11296225400439433,0.08134224301709368,-0.24717709726674547,2.61965281204001
0.9893694510130943,1.0552041672044583,0.6980339600584237,0.997340973150318,1.1166430017987545,0.8163111381262435,1.1262773888115758,6.949274078837108
-0.396259468831264,-0.9638131398904259,-0.380548817401546,0.6661956567379728,0.14475091501442122,0.0789271134500539,0.2741625931181621,5.424022419208483
0.01034828461911309,-0.6717981905968848,-0.6002907715708182,-1.1005002845713232,-0.45343460123732576,-0.5014622936457469,-0.8270351065273726,0.4348258420140505
0.6228408890059336,0.4781399661504109,0.6420897363219855,0.659744258498742,0.6936527142421407,1.0989443233111083,1.1538041563882568,2.708117511992109
-0.17863046556463996,0.687708558164658,0.7828136317104941,-0.5445771014475681,0.3906171983255257,0.42502631175091776,0.3902164590111839,3.665980946721083
0.5940250142805031,1.100556683033287,0.8378182983570519,0.45736792397422354,1.0789789915214008,0.4562725903194618,0.5069286578798119,3.5020907147253553
-1.4750095809145127,-1.9412324910351964,-1.6047231466215863,-2.0353609873508995,-1.918808872285556,-2.0681298960346264,-1.4952419630087923,-6.7899237369210725
0.6208596517051324,1.1359316705767326,0.7464953846857368,1.09671545646841,0.7021385235194975,0.7562388221880973,0.6065227422320387,5.559096143440865
-2.284692667424326,-1.9322843942082053,-2.045202710150766,-2.1003061313810334,-1.6278197238511207,-2.2231579172500617,-1.59159368502378,-5.212875542227785
-0.4643301474917909,-0.15618764639906577,-0.7365541744142677,-0.699992488860899,-0.8463772049014093,-0.24717647090760544,0.2838387144591653,-0.499272712712444
-0.28926344603564785,-0.07685235301771862,-0.23326272793333774,-0.6103039528732304,0.09672967696951516,-0.028004134844780506,-0.16011166158881351,1.0786814045802067
-0.7043205668531101,-1.1473177961059235,-0.8821793683428227,-1.4823362027554905,-1.0110711981876022,-0.7266895634195126,-1.6756119219343466,0.39820146455422
0.8077327291937189,1.2066119971066098,0.8101939237182602,1.031261642108431,1.0554209807222013,0.7664409499171432,1.0109476347330035,5.058506677663594
1.3549264096009774,0.6852543702806971,0.668987451767019,0.4537949920158864,0.7648344331871794,0.8509111701295045,1.3952410085212852,4.9797236911430165
-0.3931235517481587,-0.6043339923565357,-0.04831973532626171,-0.6454923445289947,-0.02384908161667043,-0.5661088998924698,-0.4210510192799679,0.8922415562199473
-0.10940722424226852,-0.28953826381058284,-0.24117762290326047,-0.4873738528598556,0.2388632118445373,-0.36008081830255406,-0.09770337388725778,2.9979611821918204
0.4468182941992849,-0.4989194262470391,-0.1028394258098631,-0.22135820330576841,-0.3167616837319576,0.07513163549122238,-0.22796512960920953,5.311016843288484
-0.2819249443751102,-0.10754903140451415,-0.13162711045623607,-0.6233189915829114,-0.9655590785239999,-0.6737819285204857,-0.490505453452522,0.934159264100805
-0.15849084726384619,0.5424604376780623,0.398445501198027,-0.047481565515104726,0.576588569631161,-0.18496558621203882,-0.23880167937419733,0.7527778013248119
0.18376026393143824,0.13806594578005482,0.13689101942398982,-0.07573887562180343,0.20408609186858917,-0.1491881581802342,0.16808833979649435,2.8029043078387383
-0.5262767871447274,-0.9637567119546598,-0.38880836078309383,-0.8732205624278142,-0.6813511667956494,-0.9986589750306378,-0.5129930082073487,-2.4912428790883143
-1.823063916323076,-1.8691033145079508,-1.8573646123793794,-2.0259818066266897,-1.2555971643772845,-1.7318414522143346,-1.7405261639865792,-3.7823742547414394
0.6948924132939792,1.3318013133061566,0.9711885719938359,1.0701147854781203,1.0047851159577121,0.6073999645996725,1.3724095214623444,6.95759918563404
-1.3824693476654453,-0.9762766004076746,-0.9521332233828663,-1.096544020839897,-1.3849820246916718,-1.2102467366333813,-0.7741250982953443,-4.895842319713481
2.78324603154951,2.37841450938762,2.7026545569659057,2.1733005223709942,2.603823524603476,3.1353679954371323,2.3166840755934532,14.163188240797329
-0.43909559506347,-0.6756075195707606,-1.5125424678643904,-1.190610573692132,-0.7468661758456617,-1.273274226603905,-0.5398597929313278,-1.0609672775338441
-0.011596583767267384,0.9064743406886115,0.12733720197300336,0.01960224458202038,0.1697856313370232,0.2570104372723266,0.17835191069703013,3.732667251105857
-1.8030718655052966,-1.518813874070011,-1.5068893522446403,-1.375870180817921,-1.4404250651652528,-1.6841691548605713,-2.0162120950435547,-4.190232780578347
0.20777133520414334,0.09535270219271631,0.9206313887431951,0.36888751720820606,0.7183560221335322,0.29980353045277774,0.2626375885114163,4.334322655210965
1.3031586531361905,1.12714902852211,1.0542209934144635,1.91098641036988,1.163618104323986,1.5269641197868764,1.669703300183377,5.772960909983757
0.34966448771754105,0.20256567686340063,0.2361309058706126,0.40229927453033204,-0.14745094669408054,0.18244759108345035,-0.15384331746916768,4.577532937077445
0.5362338049108001,-0.17969744799946036,-0.42290252604976264,0.3671415528684176,0.41250424664568835,-0.26955766470798576,-0.5863668020145143,7.725756577597689
-0.10648249629943603,-0.6713640904449173,0.2630048258653877,-0.13894138923824853,-0.5386160006096748,-0.4979138396035614,-0.0976405370553613,3.6149091108757148
-0.936160130302761,-1.1153991147084679,-0.8622483021029392,-0.7670465769097886,-0.4701923000365656,-0.44471465996483966,-1.4070357624455032,1.0683212816377212
0.14800559325025683,0.03173540839366989,-0.021622460339458582,-0.05611574632691185,0.39943601619085106,0.3338954203238717,0.04320542906956038,4.395491502931176
-1.3779730465336224,-1.3158096785401243,-1.19796065739892,-1.6030540267689497,-1.4095492496544892,-1.4280711189618966,-1.1113480003524028,-2.882046914202006
0.6914395322626545,0.23402280861254254,0.6336202699831964,0.6734157273733411,0.6495643320227874,0.5843014571678841,0.6328508335146205,5.145151890945359
1.6387416508539951,1.8779375484402687,1.9790112862032214,1.4691624637753042,2.223822150039146,1.6677889637863457,1.7392789156151538,10.897729207691656
-0.801908682601695,-1.0570313380556384,-0.40100676590598927,-1.0663519869369886,-0.9728704212948682,-1.491811334774881,-0.6978681673607412,-0.3334072176304719
1.0489076642823,0.5164191503984186,0.6911369185340849,0.6548308566615221,0.34315105092859655,0.5525478093048624,0.6816555252530391,6.595601927203667
-1.2706380800613157,-0.33192152088762344,-1.000692614853838,-1.1490531724892044,-0.5537947329021286,-0.1307266056401078,-0.8742156250994148,-3.0232955166305464
0.06909641207883775,0.43547575989114934,0.7891553551560765,0.1368156491179878,0.05821662037973379,0.6993462338147293,0.561589114046768,6.0856007868560695
0.47628155434064157,0.04379955826843074,0.5647116884732156,0.07179417266333188,0.8711864201876368,1.0476853921395912,0.6872893421960405,7.3700269220325945
0.5587733719953732,0.6277144797884332,0.41139031227107986,0.6667032715043039,0.48344633264723175,0.789783617566987,0.42771791649340574,4.591693153375752
-0.5204674015611008,-0.6605265513279455,-0.5646423695629689,-0.410220063692869,-0.44083136317672544,-0.5053634018010283,-0.5543823963167445,2.7943765677124137
-1.3643786684857413,-1.5973222628663064,-1.2509078147905852,-1.832070321679003,-1.5434901801944727,-1.7118558549347398,-1.4001683697939618,-3.6082795043682903
0.23367856805298193,-0.2878811408753499,0.7482984314464878,0.25960465392040527,-0.11441905105888,0.1914137933879132,-0.312491937675628,4.483674596739008
-1.9467287816608811,-2.043803452755718,-2.3561489992554847,-1.9807090425070346,-1.9930865960746993,-1.9043913694524217,-2.7098488744458753,-5.695712588628419
0.02256227320033526,-0.29235839361510196,0.9499353759841138,0.3684353323444126,-0.08956964025514788,-0.08402344432935085,0.25045219042026573,2.014582159016565
0.1383074800675746,0.8646250714591227,0.6698648595074285,1.298738043377637,0.5846532409076458,1.0525729410731486,1.544937057941181,5.129315499785568
0.4139033941245248,1.2405208438687376,0.41595481226269776,0.24510867809186848,0.040955824791302886,0.7150792421408382,0.04293047764948899,0.8133818072810577
-0.0035018514168067088,-0.2102260419655254,-0.003843352187229326,-0.26750083545169673,0.07179083517271115,-0.18145234172719887,-0.06109511468706846,1.1148572943877575
-0.36914421810948495,0.003393956408454461,-0.20724121548235983,-0.7336176357497033,0.09828750716552934,-0.6463665134330036,-0.6693504853451415,-2.3297959244304662
0.450728415325395,1.0040713921866493,0.24552044165211687,0.1757222870653349,0.16224728244842268,1.6463270116500484,0.6912244676000893,4.692347384205209
0.136090376759226,0.1709582940724393,-0.1180405645321267,-0.04504815478575244,-0.00637334446477587,-0.029357430508438778,0.2591917515568984,2.4006760768078372
0.08758162365617075,0.5642412486110969,0.5960850785414842,0.056387250253724104,0.46682277071679973,-0.5120250657800595,-0.24657842987566525,2.111666073914943
-0.09585756325402411,0.3561180584805492,-0.0850343472282257,-0.14768253411282614,0.34473751176186446,-0.33540244614455145,0.08834426981276663,-0.05728610157487668
1.1356832648518786,1.6145107360638074,1.3833947188053863,1.1149899507091219,1.1419384379765145,1.2087016879815924,1.6349521664852924,4.966359064614585
0.739827696834175,0.8189060964965912,0.5008652880022754,0.3272096544041318,0.33858478604427494,0.6154466042005143,0.9527759418608874,5.360418272857759
-1.0310239745482046,-1.275287307990804,-0.9446363827752311,-0.7700455320884555,-0.873307701043136,-1.0977943762918863,-1.1707201395444389,-1.1213120818291284
0.6675364643764987,0.23361500973831392,0.9698005994048491,1.1227022861825733,0.6641908014324946,0.7753277850665818,0.8707156308383497,7.670380310677651
-1.3671338580711243,-1.0025007462689686,-0.5289816580380698,-0.981861191462764,-0.5769678969353011,-0.7370016916588268,-1.0809726073584909,-1.9987789347008427
-0.33374626353862147,0.5757441351713253,0.567658388838911,0.3154142557843188,-0.015043387048143855,0.6073290132524389,0.05311581073651086,3.2007012420748615
0.367449028465738,1.413448348497229,1.1378670855006976,1.252582408757369,1.3576077634983932,1.2130669824509563,2.018280061672303,6.78244734170518
-1.0567819571860502,-0.5426856334950528,-0.4791333560052137,-1.5334042267323231,-0.8742905163441841,-0.5710275712433055,-0.34497444394446214,-0.6397599649528976
0.479174917304799,-0.014666947602231207,0.6789324802304446,0.7412379781245277,0.5657648645795459,0.6334390146364032,0.3227538574410319,6.020539684433104
1.1145880386619003,0.766183426413328,0.9525551425825096,0.7474875024161077,0.5754532378472803,0.6762894708634672,0.6721302408077631,7.365864214329955
0.6364582945596249,0.8081903899493118,1.1071563367596264,1.0894854507918945,0.7466261954939841,1.0089603107461538,0.4070685359808485,6.577386826119677
-0.19437932711466271,-0.02096068143331922,-0.366424856398305,-0.27411918399338653,-0.4220787314974025,-0.2089996180345758,-0.27043414944492944,1.5693611227736204
-0.15678869686929678,0.6727515662267742,0.9131048369391673,0.4429158501874659,0.29059153154413225,0.5508597970288942,1.187132106465012,2.4993103316626817
-0.027004747346117318,-0.2633190580469305,0.014305949773364397,-0.43217731990942665,-0.06405668127582506,0.16009691796939243,0.01874483958559494,3.0263805596978504
0.43061784169850087,0.6076162211801195,0.40645024660392803,0.586787265280123,0.9877423338579926,0.31987024664492597,-0.325841257058086,5.4599109607191565
0.4426093142504211,0.3804572489478993,0.6455094287085492,0.45090945516143854,0.32802159877496456,0.2520272278460709,0.901590456283692,2.9779393884843226
1.3931535196467857,1.0315962672976997,1.1419147022390592,1.5613779573651352,0.917430119265862,0.6386042794793608,0.9384523270288343,6.481297136006905
-0.6240100008444528,-0.5283204895013724,0.00019148599383321657,-0.7270278388333069,0.17170687037061588,-0.6576320981817911,-0.154322361742942,-1.0658234984968429
-0.7066290731008721,-0.4463618953573579,-0.8091908164890717,-0.6811600434751339,-0.3496410569684874,-0.5183089893554554,-0.7616441686028151,-2.29861803692695
-0.8586171087973874,-0.6250697395014712,0.13148598749674922,-0.3794861941949906,-0.9434866015054842,-0.9193423582329708,-1.3640289172347784,-0.8890836456192868
-0.7558640553180697,-0.8297627074819031,-0.7580504342121379,-0.37377615169733697,-1.134041869139275,-0.7050640947519747,-0.6950170420513828,0.49631990570437834
-0.4737721212062269,-0.6068208581809914,-0.8453658760920904,-0.9511283030604709,-0.7165414235815625,-0.6016959283850521,-0.592923092366031,-1.0524441649986316
0.5782886692579768,1.0241501809767775,0.6365698709866083,0.4911715031206768,0.6586486271465852,0.5022970376396532,-0.051848492872966216,5.6485579064577065
-0.09432415006564163,-0.2254761288316033,-0.0536024285748278,0.12475609617620247,0.03679431147333005,-0.8073296087257402,-0.14104242354457217,2.1637316816420484
1.5197041242696314,2.0046090374137635,1.0978475385660844,1.8071322069689522,1.5750751675075674,1.4923071792358655,1.5016479007640702,4.97617535709942
0.2657389024751241,0.7850429813248867,0.5352651292892981,0.3207974415670273,0.34666150991870404,0.0041907595592025945,0.25359778400427085,4.1347878200314945
-0.6274560684005144,-1.420139776399924,-0.8296877209110309,-0.9760644787094191,-1.079463081388791,-1.167949684869913,-1.5305761878964357,2.2070798103736093
-0.966308551822487,-1.0146960127668885,-0.7997747893469651,-1.5541443194199491,-0.33115865956588836,-1.0051462436084047,-0.9372780062489906,-2.3003618624016733
0.4158054569286606,-0.22969599393733758,0.004537514628674791,-0.13623264180351652,-0.5779429522647397,-0.31400190227495994,-0.3989899424033207,4.499031280000458
2.5638879273415136,1.6097979821830395,2.0284680213469906,1.8759206245962106,2.5851778848857125,2.1303048349665716,2.011054288061211,12.242542412853737
0.15073557834802684,-0.9053525247602477,-0.24849438765771426,-0.5652788040578928,-0.37740208928934693,-0.6162490552139651,-0.5314098779084024,3.661475034195705
0.7562131844811742,1.0336221879732552,-0.044902225867041644,0.7800484378670458,0.5971074668643491,0.6284686772561757,0.5430939061632355,2.5645125066739873
-0.017202116687738772,-0.4316430286640825,-0.6173276242484678,-0.16241844522048998,-0.7411814256450275,-0.5260855719969405,-0.6660893794273361,-0.5198919294192059
-0.9760302718777918,-0.886986268169522,-0.3337042025106087,-0.6490060395486746,-1.268054404233475,-0.9554127996954743,-0.8365084406476182,-0.8189665492670793
0.13129049366862336,0.09711798985011423,0.4992851982443704,0.5427072898670005,-0.04737744967952542,0.04878797272934069,0.38160074004602956,3.783501219037971
-1.5331861203947363,-1.8854127632313296,-1.3000099534505354,-1.5366517675129523,-0.6278685167048287,-1.5346226989234404,-1.0840488791760408,-2.682109317057704
-1.208081132522352,-0.5529140783179928,-0.6560636900065056,-0.6380411941091592,-0.8899554499636284,-1.0178658335161348,-1.0114827235301884,-3.3624512797473503
0.06984413713603249,0.37423339500034053,-0.7118592561549598,-0.3689378116939219,-0.20740048687249849,0.4174444451816647,-0.28210567022228367,1.4717006753935196
1.216654342949878,1.4790315860499552,0.7709310101340983,1.5738398089086607,0.9839017516441698,1.468422534157768,1.4113808334308737,7.674128284300848
1.303977694158359,1.5090023118784361,1.5796057000561892,1.218533376762972,1.3810767439800724,0.7892974136176732,0.601127019016558,7.800449649413667
-0.024779746842925058,-0.8082828617893781,-0.6976216075638967,0.06096071318029423,-0.704761501023824,-0.4178874847532385,-0.11368559451776451,2.978701910000613
0.4582207318277424,0.5702016279130125,0.35465538015474724,0.43047566613017435,0.8313830065986632,0.4737878558368783,0.2558926178493749,3.831231542294507
1.2371475379411847,0.6105614070777078,0.6918948847338456,1.4792819683564875,1.0978747013893215,0.9264936701994183,1.224477679457596,9.846678100926603
-1.4290428309820888,-1.266824051058786,-1.3065977368416115,-1.0685822459674048,-1.0366698822297953,-1.045716002518523,-0.8390760891074198,-3.9789225538829247
-0.8509480287805768,-1.149551081497671,-1.4398902298092595,-1.1982346866302174,-1.5473287118078536,-1.6862613723059237,-1.648105939008041,-1.1626759617580253
0.010280831769682825,-0.33877623439598054,-0.8921232611259774,-0.28887375289672107,-0.5817599930249561,-0.018503088487583492,-0.6907010345627536,4.271545120058439
0.3450344589996446,0.5924191835269659,-0.38035991425711585,-0.5738340733832245,-0.6577968610300104,-0.6357288421081384,-0.3643940413591124,1.5746787357329635
0.83220096408049,0.3025939525612683,0.31099166893519875,0.10862578446502717,-0.07195517674987936,0.22063180152923412,0.44322927803705237,4.676847204580932
0.42675291748999383,0.34336532220504334,0.9829045178952814,0.5996231171018824,0.16690139911900825,0.7076751700465972,0.9042260956189248,4.827568246613435
0.20113832658521763,-0.34532450748520166,0.03991597576521117,-0.2566230719238891,0.03907739896147059,0.266193924976847,0.09307767521630618,5.874837334179524
-0.3759259506515806,0.0395148024916404,0.17092325856260018,-0.0011024400371839398,0.09084683185926715,0.07839294876003382,0.4765844046903444,-0.11177419497459695
-0.20007590586621005,0.1408491914317107,-0.5832705399196099,0.0005541511567950448,0.4436822564857352,-0.018639838619559913,0.16962498544902313,0.16675785370904572
-1.189267900392191,-1.223027865458716,-0.6260322641083422,-1.2281306621829695,-1.0452076786010667,-1.1710086811397047,-0.8608754835392493,-1.7783035106013731
-1.053528172703569,-0.2804807769371724,-0.9603716665067439,-0.7635682573051339,-0.14639033890043066,-0.7439083008703251,-0.627073511470958,0.21411883461775316
-0.6921159442311144,-0.7213369576581019,-0.17225480849516378,-0.06802729455239812,-0.8315419806517849,0.2154344670631576,-0.4653852582477356,3.1097909024742854
0.01246096344139936,0.27334585283622925,0.6835167048213768,0.8147037848473899,0.6066666250206062,0.32145182072186207,0.8741235786657928,2.732668847923523
-0.15265518976448786,-0.09180474926804975,-0.49183782072651794,-0.4168676169516648,-0.5083835345734296,-0.7680650589672978,-0.9289584885987858,0.6384311240422494
0.6413046985860048,1.0429969685227771,0.7842160586692263,1.147916066878606,0.9750398169441499,0.9404964668405803,0.9187384737652308,4.918922287982811
1.144359324886253,1.1067299933014005,0.5510304480300955,1.210144250532559,1.0169764403414179,0.9912756354028429,0.16563532356296407,6.312909720765869
-0.34463070381741295,-0.1367069725243201,0.08758206483379473,0.12650576158030272,0.348936843599514,0.4628850522876997,0.013901666190443704,4.918198049798205
-0.3291246324152411,-0.25410493266407574,-0.3345435657054685,0.21695510096846635,-0.5652411387603031,-0.33292150111506175,0.41546902508426725,-0.7237567328215455
-1.1120205685323055,-0.45065319641926666,-0.5737803901377129,-0.40134564336930856,-0.9001850214030082,-1.3403518727452832,-0.6525678098778576,0.43085978005984593
-0.09814344906846736,-0.10333612817806004,0.23094366628333068,-0.4717529720991489,-0.37717928583893157,-0.5862252751591376,-0.411500747613695,3.302843932858366
0.20661075647281013,-0.19778359854937896,0.4876618429507939,0.34657375643061206,-0.06521933239505573,0.2637756923987742,0.4937574108404636,6.388706775974206
0.4847386206355736,-0.0011698146004982689,0.3802991307853356,0.26475723778074,0.463663768210735,0.32715820937559964,0.31662536730137414,4.688639138056743
0.3675536946127938,-0.08700145724911817,-0.17737791075373052,-0.4208722333974123,0.25210252848333164,0.8320307115193345,0.11354758985009164,4.59563851996493
-0.8067427353099312,-0.5907888452156583,-0.860285881224813,-0.4579812209859633,-0.4754215849288458,-0.7783841840256912,-0.6468031534067231,-2.4544175340505108
0.6325144251115572,0.8967393609500218,0.9186834007966036,0.4481242447258435,1.033625479602754,1.261369952796592,0.941272354551362,5.3910581000155595
-0.08262166591585605,-0.16075348465072745,-0.5707364954639904,-0.5074481574047625,-0.045638112836762494,-0.13458585917613147,-0.10061763071421533,2.5781765548831697
-0.5712999974630825,-1.0814722130355054,-0.7294968709933946,-0.7520362638284223,-1.2046848905399847,-0.747740583544537,-0.7307742677485293,2.773057993060659
-2.4904075754856816,-2.5958539604955297,-1.9546189493342196,-2.045830330403921,-2.6240819454589928,-2.1235700189565514,-1.9876982124363478,-7.30243129100901
1.482817759189323,0.9958216746013356,0.8100145141474676,1.371243621281633,1.117931317743203,1.2064528244499244,1.975381999908079,7.421196287826104
-0.9352634766155076,-0.7924567878621003,-0.6475553341143804,-0.752175829262911,-0.3761663653103791,-1.1305994241503432,-1.1192453773155069,-0.6180029228432067
0.8941677774471617,0.06539804152441347,0.6732683420665124,0.591861901815004,0.2884584644350486,0.21188914332774664,0.5755655587725244,4.364597753585428
-0.15809284904437135,-0.10926485996614743,-0.6584272473152681,-0.11679322080740794,-0.15494033193866225,-0.4651872393805442,-0.6133528526432357,2.459017186351607
-2.4554687549144742,-3.250031561274122,-2.642343921946732,-2.9596324151071487,-2.9960591424170566,-2.422079193824992,-3.013500371557812,-6.934817314884025
0.20705512041018603,0.36467902611153835,0.35320136290748333,0.3470843616534838,0.7305633393753178,-0.16725258131676263,-0.12884006114402177,3.4742299925842572
0.7064601830740609,-0.2069446639391084,-0.34096816709023137,-0.4805359489255981,-0.5375241567789716,-0.08650581561778496,-0.22672055386691656,3.427319821149653
0.021834151999362537,-0.9971200945043196,-0.527946537838905,-0.7913066681254408,-0.25432747600511096,-0.8623845734584459,-0.6505698694434829,1.4334709220398452
0.3126855243166808,0.7012342356461215,0.37568670480989147,0.36763952043593046,0.7113435658254009,-0.042890915225123415,0.36785439895327815,3.2876977013361857
1.139824772779523,1.0706511805432508,0.8902641472021867,1.5599942947147243,1.2571143102219617,0.7102083525459325,1.795468957663538,6.352329265098729
-0.3651957923169876,-1.5906708391982773,-1.3021930371336816,-1.2392204258735624,-1.0193471416583089,-0.23952481035823936,-1.0802525539043193,1.7256392224536743
-1.282871106526822,-0.4216293491809402,-0.639478371635268,-0.13749317405078285,-0.5665022054265084,-0.33852708080826466,-0.19192099542009539,-2.075002982646409
0.9596438988169329,0.6778172862676287,1.3523871824127045,0.8234370707608422,0.8576533934467285,0.8528478747284824,0.67033963112109,8.178800680470278
0.2355351126624233,-0.16654882724270328,0.5232455762640456,-0.49215991103098833,0.6784583423484027,0.46293519826469404,0.3289157270222035,7.406609295779115
-1.108170854991118,-1.3702802912824994,-1.487581726740174,-1.588152774345593,-1.4821421592887811,-1.7751498613051233,-0.9886708714483408,-2.8614383170635254
-0.848942305427884,-1.4162574736893316,-1.2524284577553562,-0.9678396620421778,-1.1834668195043085,-0.9653846946881496,-1.555369975937897,1.6928476638697605
-1.3171013842523016,-1.2573797325372829,-1.6970173697313977,-0.6071018490743028,-1.2091840620171173,-1.1103421695174358,-1.0843936136630326,-4.147934908451548
0.1493212913777088,-0.4627569964939704,-0.6078623533967742,-0.1529278446225211,-0.04813806324841892,0.27370144624402437,-0.5655184365701378,4.37347692464085
0.5429648845138623,0.4585874667767131,0.8277662809379154,0.27875171767860374,0.4042639007243061,1.3264717592338446,0.3401126327259046,5.0559839502031405
1.0288448885738486,1.067433966365306,0.9163481563337154,1.2766849920052095,0.9600654049199199,1.0488412927606665,1.316630284681851,4.6879629142075085
-0.011022564552374022,-0.26740288030520243,-0.32309801069870214,-0.9124444704246619,-0.5982141644030056,-0.6507003357508747,-0.2978234575363828,0.16035730724935582
1.2342221811788205,0.9846544370449088,0.8815946171715981,0.6858989618542588,0.6818940070812248,0.7466868877573727,0.5485515781037448,8.784650408479951
-0.09750564108952801,0.2675143188268261,-0.4617251311325759,-0.6075151711043522,-0.013567714567257019,-0.4434708721806098,0.03573779366371236,1.9626449510306467
0.14921962398766744,-0.5618057873095511,-0.644598904064078,-0.1719736042037057,-0.22031876526428965,-0.41744319779876826,-0.7965166146842637,3.6589464429167893
-0.057234383425235125,0.49476927344563115,0.8539251388026542,0.06877121934315723,0.475151590515026,0.1205105335357442,0.5240211525624111,0.7985324402050322
-1.1780177568576844,-0.7100223876292299,-1.0421325757855826,-1.0489599007125034,-1.2418346505281574,-0.5943348418762879,-1.0826625275203685,-1.805707901820457
0.8620338271860737,1.3232165012628252,1.012142116868619,1.5437433366526725,0.8127867133830359,1.3693878684421614,0.9452737476878471,7.47419362458245
1.3402145668276617,1.3070176788860197,0.9410784025774567,0.9962420079617941,1.1902063203480306,1.3932353837333362,1.0816295535704021,8.115312177179337
0.3897647632866941,1.171743771256888,1.1011500242801957,1.149266882124759,0.8514035081954485,1.393505617203635,0.6937045435745118,3.370743278970279
0.1923583022301282,0.47250283023374345,-0.03261315676223468,0.04432251494183669,0.6304349790761411,0.28241359466702526,0.432256100554863,1.7274947241137666
-0.5443158830057089,-1.0361965981180015,-0.604309710186181,-0.6490594577775177,-0.7893817590311517,-0.6664895911435191,-0.7756456973666915,1.312355026355454
-1.0519395539416623,-1.7868438657298702,-1.2324219744719127,-1.4648770972231433,-1.7920262404581637,-1.2653141912638095,-0.9871160342464174,-0.3629047925617185
-1.6243870989185267,-1.9157423138980845,-2.0812559943361064,-2.0175386688383927,-1.9162745547163202,-2.1904345496767412,-1.723056775565734,-8.056010801180985
-1.7345204781921633,-1.0381260418418379,-1.7389787482540693,-1.681933602936593,-0.8037821000029007,-1.8452843795427003,-1.621738347503333,-5.177782439702214
-0.33893082101998984,-0.895998859664667,-1.1316073666274922,-0.6148573127335697,-0.6277043790566861,-0.31642695094733875,-0.2611747416233071,1.524559062711972
-0.8421544956995713,-1.5716002387263641,-1.8986488214149213,-1.3912111682392743,-1.5983401782949032,-1.5337867256783249,-1.0814467048980527,-0.7362728312927806
-0.6836194788451788,-1.1644676977394406,-1.7382062716480018,-1.2419952100615363,-1.485346701797791,-0.7657438610975948,-1.1592088014997195,0.2669928596518856
0.12767400131312,-0.1528931439402697,-0.44616914369425836,-0.44476093573912745,-0.6416396580060847,-0.45955383275037803,-0.27402034068463904,2.758701579914719
2.331884286829302,2.5394266597546964,2.6487670417942297,2.5568867622142424,1.9251718207484807,2.721833494625823,2.2070843478192543,11.783238938225868
-1.6404684495639734,-1.5318264135790625,-1.5138817334227896,-1.5499056372983573,-1.2179065683292134,-1.5208013207037465,-1.5538716773979446,-6.064914466140282
1.263386214224659,1.2040115388940487,0.8190289061386465,1.1711564823093086,0.8148109811673501,1.3274160345450605,0.9677150917502353,7.042554481350182
-0.7942396580003682,-0.6742377370713367,-0.9644075316534364,-0.7791139988699876,-0.6001844812693978,-0.7238272910725047,-0.9547816489382284,1.2324102594735162
-0.2843605835314683,0.10328273830324011,0.28622037365947595,0.34193020330498447,0.3071373023038639,0.2781945838217465,0.15079439016207158,5.275684468318604
-0.20240139220314085,-0.6833724611461645,-0.4160313915779832,-0.3104842987270169,-0.2648894850544536,-0.39688480829571304,-0.9349725889429172,3.9689743514159743
0.35679295775792724,0.6320667672605359,0.6059656545788356,0.9270374062829536,0.8230293119064818,0.8638854422599398,0.945021893360514,5.912889652040211
0.8768886181662291,0.6870019692795316,1.2383823182184759,1.1194884801471272,1.0735979012110126,0.4754908081455945,0.7318013581862199,7.644501251364781
0.6126601061059825,-0.245014343745091,-0.583563555235718,0.16709854288763107,-0.3616359118451068,-0.1854869511349228,-0.6345138174668989,3.557011821494085
1.0645527770139511,0.6369659039649076,1.0754508947836048,0.30684410683594776,1.0108370104245867,0.7667231170243279,0.7145038119896905,7.0111197466326995
-1.5139004560701574,-1.712068902824219,-2.209827985546877,-1.313726938668988,-1.8737990942167362,-1.9036984481225165,-1.7387959715306327,-1.4774879991644463
-0.8224412187290189,-1.2211586232964333,-0.7580272298465163,-1.1610193647588913,-0.899808704712783,-0.38549400033294334,-0.40892998309589335,-0.8521970658883946
-1.0170617853902808,-1.4267558027205889,-1.0338777817643199,-0.8166250696656863,-0.9687409494786694,-0.34591073581279047,-0.75934449428163,3.0820253411750227
0.844174263287649,0.6243950951334748,-0.18260247912512978,-0.039200436736491234,0.5286172191442875,-0.3803756407590997,0.6118930450654765,2.518418947789092
-1.754110268947005,-1.3151182025802362,-1.5163093013755282,-1.1416462256241462,-1.1694885422207901,-1.2490674098400292,-1.739796018573905,-1.0032910590991262
0.3549832359074459,0.7862236775801059,0.4986344688544854,0.12945727410108898,0.6506567281562471,0.8413267992971091,0.3472171370774935,2.408226704853912
0.6189710583635654,1.0252393245833147,0.521458041881358,0.4719251635117615,1.0067327496504082,0.5370491979572914,0.6238567695099215,5.456383377577156
-0.5318763336807526,-0.6925601362523623,-0.21280580657672915,-0.7003591792047287,-0.825074513398782,-0.6114135947596939,-0.9864405648184833,0.35695864240908604
0.7435846469897694,-0.0543912782469941,0.5012893731036016,0.8866394607308659,0.885880873442169,0.7820626268083432,0.520613629488111,5.396428783033668
0.7240646559628181,0.6193012754906129,0.9539965154404545,0.9163663271233927,0.7746331739338002,0.7411205904689298,-0.2598468469466363,7.581999553400561
2.4808110992397077,2.522140814556897,2.8375031914964497,2.594394623484782,2.7069690787748337,2.313558729911138,2.9344422594721613,14.426614545997985
2.2621192522287,1.9774193308414467,1.4409357189295275,2.4907967599524397,0.9584786174621579,2.4517120674909085,2.6790167133196543,9.831787158487968
0.3589736887257425,0.22417895179624514,0.11359200801469373,0.11418883051144858,0.7295002590886946,0.2866286557665393,0.09690439976588144,2.1999096752783434
-0.8395402007004131,-1.0496956319627282,-0.7759214176267056,-0.531056433941256,-0.9211624559368655,-0.3526043406519944,-0.5538562088975143,0.695095248256229
0.9208246789150474,0.8786505611974447,0.7287644772509951,0.4579278846481507,0.6552707064068783,0.21216693242643422,1.0388899354379046,4.748860171422718
-1.44954299602099,-0.9806259827507686,-1.2091618073868016,-1.2477993278702548,-1.2895937321804798,-1.2049189155731985,-1.2919901934036597,-2.0332670149971857
0.173997805395679,0.49635991322621964,-0.4072751094204245,0.06741876127477474,0.11568778127396723,-0.05447104720945959,0.3862354498788255,3.2369159093516613
-0.6569618075542566,-0.5763892974801077,-1.3625910515896762,-0.5833304357493587,-0.9622415698999757,-0.9912359068001668,-1.2613442541521813,-0.8808338330809985
-1.0894795307565177,-0.776443884222286,-1.1805282139308095,-0.6521608235760293,-1.0698319501469988,-0.9083428484879935,-0.9935384274751843,1.3168392727495597
2.8053554371485787,2.439485393686191,3.2600683244994464,2.8654574599136353,2.4822542435999893,2.81427660175032,3.3536137456484547,15.27812736084104
1.4189133005419354,1.015361322347521,0.262585813225396,0.9909708180910339,0.7900623640168956,0.9896306471221877,0.8838399065904777,6.568661960540648
0.4270542636840462,0.3029834047715958,0.692359440220035,0.5399241371699729,0.847517201509365,0.35832186428345786,0.9053012403142745,2.695215658926899
1.819894419577713,1.2809217091422895,2.553192817081795,1.3757616895963543,1.8496533930715362,1.6685390480067435,1.6378449694831514,11.295672214096825
0.26885546617402184,-0.3668629796654016,0.1617343478518559,-0.13588195382936732,-0.45623992799097635,-0.21124803902273764,0.031803327992397726,3.346032912950533
-0.6158667807992706,-1.21475389082382,-0.7290467921103854,-0.7188399115501455,-0.33546616315054284,-0.4297278015947468,-0.8590735571530901,3.426445872174098
-1.8620492465504264,-2.221140785087953,-2.52326032968602,-2.1317737299299617,-2.4373884570398947,-2.499315543248703,-2.467099679505468,-4.9373734144238375
-0.6100088389449219,-0.07714020872977591,-0.13350434701480351,0.09564602303068688,0.11911938860027031,-0.5249440180415547,-0.5943779755003741,-0.5507035520027839
-1.6420325643826637,-2.1689387256061083,-1.4147710152111466,-2.0281387336032206,-1.4048943901292166,-2.0967045257139443,-1.879342489180025,-2.7948105715945686
0.47768683483547786,-0.3511312012278985,0.09775596339618245,-0.25919791073589343,0.5821641718921018,0.3521328189916505,-0.27267742791110605,6.753654348350497
2.5759729287088353,2.922604307308102,2.900021964530457,2.900283458383822,2.4613666413242568,2.3296941750066527,2.8664675476484254,14.99024203166107
1.674067781380251,1.801988529518794,1.4085647687913145,1.6755148998076748,2.486819118572788,1.633426651524854,1.8343233710366276,10.713058870681639
0.7621796232756971,0.3142644969893251,0.6238589053355731,0.7379520050883639,0.5380749431095642,0.7015662767103157,0.7279448225251657,7.631860746401692
0.86005881525464,1.1434905749575912,1.1181043032636908,0.9039401478507324,0.8103111781549647,0.7688666835886757,0.8390671258596438,6.217978903691442
2.299460910252028,1.7309233355592069,1.4453045338701043,2.208688667840209,1.8834525585211943,1.9813582536436465,2.171643136537047,12.110388118825098
0.04644578966571692,0.7919958138433729,0.030407713939667395,0.1352890249461797,0.6141810043029655,0.34808902914416284,-0.03507109946014437,4.563273652479832
0.47128392372584493,0.2570417327967514,0.32664874113508585,0.8370585561051622,0.3077527453252326,0.24519002611457852,0.20342615317348542,3.1572570329202625
-1.6726495259127165,-1.5439214272067283,-1.2477751729693602,-2.0946679645210646,-1.5045252690825144,-1.9962572383136634,-1.6864622043132158,-4.6659137648077
-1.7749637278464734,-1.0201869584111334,-1.7984714881944428,-1.711400727265303,-1.6112888753344268,-1.6764118952203633,-1.329751819661522,-6.67664829199077
-1.1068346655285854,-1.7073325682719134,-0.9021659185109504,-1.1435948028626777,-1.0118291021027184,-0.8320583811046366,-1.3316793554885014,1.055540118787521
-1.7367831449570579,-1.0365708445847521,-1.1308046952218103,-1.060797513133474,-1.285699918536215,-0.547615962150654,-1.3606409880802721,-0.34822593427476
1.200619079732676,1.0559754001995352,0.6282373366399421,0.5219297651290938,0.9313160503716228,0.5915820739393112,0.8525510198227744,5.133004587180958
-0.3351491229022182,-0.6119603821830811,-1.1267563191894565,-0.5757158201068483,-1.1905253361017742,-0.7800393193647901,-1.1063274631730113,-3.1253733325199464
-0.9782854430585602,-0.678946891160499,-0.27365306249234767,0.08290208894762355,-0.39076734975299166,-0.32532034266994353,-0.451943906708615,0.5289942208876934
-0.2973309395394613,-0.5122537816378826,-0.5762915353053245,-0.16605065847339287,-0.28079464146025734,-0.15972892942258513,0.3092671552085952,3.1280719634705187
-0.5745046332036606,-0.41863121496404976,0.0322152345487838,-0.7243108626714343,-0.15927927386525434,-0.8870313711343939,-0.5562484257287277,1.5621162540482418
0.36733761785628927,0.36669589083097437,0.2707309060628944,0.34808422672444955,0.09348552707284485,1.0410607564421188,0.26684399699429984,5.925458381819457
-1.2088213622441608,-0.7919211964015614,-1.3370298173863246,-0.3358899015645782,-1.0539935134215535,-0.7608203623966084,-0.880513096960989,-1.9416010394475602
0.702960428789616,0.677634657657934,0.43263220809941383,0.5459060230690289,0.846438536449802,0.5728678167672121,0.2564078960749787,3.6780315181578325
-0.9131832012729199,-1.6636281538725275,-0.7983936412806519,-0.22281401328819328,-0.270652807229312,-0.7996677356338765,-0.967293255248403,2.6904678476660253
0.28437169585229793,-0.12004435531204379,-0.4570591341396058,-0.11433142305877433,-0.08940299279256236,0.017700605401476357,-0.2535359555253913,2.1949748452996474
0.5908988712050157,1.0441461838432178,1.011105074987129,1.2754057983879583,1.4394218520396451,1.1474056775492876,1.2180893470577863,9.695736775263656
-0.9672113408840681,-0.3240445074146009,-0.7754501252182834,-0.1431238276731288,-0.38776267824931665,-0.5126823215251503,-0.9608873980306202,0.6856897184764925
-0.7816166359924835,-0.682654482729353,-1.081840804192721,-0.9070007365451362,-0.6765090052894223,-1.3159635798475517,-1.0824543345169344,-2.1745273674208594
-1.6226567919412866,-0.988478532193025,-1.4931233750370445,-1.1822572921729313,-1.6910248530405425,-1.1638554713165707,-0.7645143604496256,-4.9881479579519015
-2.3625034085299648,-2.6566172329268833,-2.428254668399984,-1.6100059189837248,-2.156078044659939,-1.6087548842302488,-2.449520931070137,-4.24218084617011
-0.3639375399403558,-0.37436905837905715,-0.9095521355211412,-0.275309298455324,-0.4850526731198548,-0.3091250208069391,-0.20971397515107196,0.5336434856445746
0.9818590143355046,0.9514759932339647,0.5843122247788032,1.0213171655237443,0.03744887331156494,0.6967094036200526,0.8985035010530993,7.370305904814807
-1.2411266353784638,-0.9664840247460069,-1.558349108234949,-1.3109503635119777,-1.7156244717610465,-1.3310319502746788,-2.0718963713689296,-2.406333011313089
1.225898476089036,1.3068572356913912,0.5006544603890051,1.118125679806028,1.0373773834333169,0.7645344042615094,1.0754385928100727,5.022924737068793
-0.9666941881714874,-1.1657128506290393,-0.7267186451891668,-0.744870647373872,-1.482856688436238,-1.545150820674205,-1.7320456512299232,2.2025271769426475
1.2798237165605832,1.5187864347442532,1.2184152715219456,0.9015538784139014,1.1778914362014352,1.5175978385373083,0.9563793601056031,7.91892455853235
-3.2312337577264256,-2.3882487094846967,-2.9534331722073768,-2.905510557989585,-2.612323006641349,-2.515498461488754,-2.5927777477784666,-8.758970228439665
-0.76290028034665,0.06237656923905148,-0.06962265535755874,-0.45640866114931894,-0.2902696325091825,-0.07462644090531463,0.058714078699060236,-0.6787167347144876
-0.39955096523222483,-0.3383647059567373,-0.26170790463874405,-0.05854958573997258,-0.27583860555530326,-0.09395803622676595,0.4367658201670152,2.2093709138651683
1.208324832380379,1.016392204087235,0.8616191597148778,0.9312713513813757,0.8198065160753746,0.17464230141785836,1.0427811308260226,6.37885109165793
-0.6813032518647784,-0.8537612931717795,-0.5013383724635992,-0.27112574527506145,-1.0364058872013457,-0.6886892552176216,-0.29451182510697826,-2.164546932125561
-1.0796059922321115,-1.1443496542873455,-1.4001451280694306,-1.2170770983620416,-0.4777261387424943,-1.3806730104672933,-1.1328908425318556,1.213042235155065
-1.2952102947610984,-0.349284237069839,-1.0174004767087657,-0.6651742171894433,-0.7574209741554687,-0.8171194174626374,-0.9647536116321577,-0.35542944972446855
-2.084731192385203,-0.817476377553288,-1.021830762184294,-0.8550475313234931,-1.5961223742599473,-1.6352941208042369,-1.4841254244573299,-5.458512986482216
0.5664110443562936,1.2815673557532425,0.82544189455122,0.8319810567167755,1.295307954115376,0.6882138677623538,0.83961931683303,3.204158135604096
-0.74184898271621,-1.0264624724687492,-1.6314528150704755,-1.2685789648763053,-1.0670842862029117,-0.8972091527631186,-0.7354694092105099,-0.8227814214258401
0.18095277653188674,-0.8601693252062489,-0.6805810181389776,-0.5402378733077318,-0.2963708949327878,-0.32519872405339095,-0.48684978758597064,3.5866570731733005
-0.393462911340503,-1.0575116927363797,-0.7409631102837129,-1.140269638734267,-1.2555376862170862,-1.2584261601738458,-1.6627377906041803,1.3005041181448154
-0.4550510404338062,-0.6665581592819939,-0.6787132136547783,-0.7986480380718293,-0.11511659802465844,0.01104329970075761,-0.4773871253613947,2.1893465313627942
-1.3521059808607772,-1.1061733356044834,-1.4145233910284878,-1.486721175198987,-1.5646272117174218,-1.5584344514630095,-2.158652227483301,-2.125505197313273
-1.510930739549943,-1.822995498012115,-1.738401711100201,-1.4386925432237414,-2.3474852560486865,-1.3530171692966915,-1.8120234329673983,-0.4968644701567766
0.7375984836217077,0.4050893560290335,0.2358072855418426,0.30222383286771426,0.11076502524184341,0.08662420499201187,0.025357959591173533,5.659306233234478
-0.24762590027590944,-0.06214700982705013,0.16361948730850562,-0.125512916460524,0.5063787651879005,-0.39314159564983003,-0.35800087966542193,0.9283272751207932
0.6087928660767253,0.7152009135551496,1.6334376365355954,0.7310742600664304,1.5715050381378761,1.532870394778166,0.9266958433998784,10.259820392613351
-0.05271266556720681,-0.04229103135146958,0.5017003053894019,-0.4476102873378454,-0.4305497058935516,-0.34181705786663186,-0.37645082638586336,5.184731313067446
1.3091245758043268,1.6142807001191588,1.9127865055746331,1.9687590872505247,1.0364704506550384,1.9262196186167706,1.4948652033593826,14.326701368455545
-1.0761468890095685,-0.8576870228974935,-1.2640664136892428,-0.9427939841391971,-1.1743433831532981,-1.5741056802109579,-1.0795319751691965,-4.295544344180927
-0.7831690015117267,-1.2242450278223465,-0.31128283200607154,-0.6261012396553357,-1.2419125052157325,-0.6107137049678095,-0.9697477111023203,1.8774177636068083
1.4732793261551218,1.7617744103385742,1.3844380663976121,1.1433166024904107,1.1619003966989665,0.6681368297894785,1.6839600374374715,3.369218700491824
-0.21585519825379074,-0.0768279877931676,-0.34840603757398036,-0.27860875807506336,-0.2320074271104214,0.48787313980089264,-0.6445817366608956,3.8544150772219665
-2.1547750520031697,-2.0362830265506124,-1.8648880748829144,-1.7256708988889164,-1.7808548239103765,-2.5142000342656874,-1.6235503213568938,-6.687573276841505
-0.7430575800906423,-1.1587455917816498,-0.5300746204469867,-0.6831966007101123,-0.7826794292435331,-0.7457623171059434,-0.9837553336341002,4.109265525376508
-0.9198441873204838,0.0001480968112028723,-0.35682533323851023,-0.48543121215607776,-0.8025261252089736,-0.1738208855800262,-0.060868663850601114,-1.897721193479427
-0.05196809893177564,-0.37904310261098495,-0.6683494094400854,-0.8482142244930333,-0.9437165549837064,-0.0938190406910564,-0.13760807010705195,-0.9782690799565894
0.8432025929343221,1.4294136930626495,1.6557758951644987,1.3428873601454898,0.9602165745984093,1.1230439610357055,1.1881230191111007,6.2223953015580395
-0.9989850324383391,-0.65475334014726,-0.685841493502345,-0.49897304343162185,-0.45029067504032655,-0.5028440418770013,-0.862835996036023,-2.8797526557150466
1.1627655002343873,1.011820296012824,1.0406004466119427,0.8233489116047984,1.0988180900606612,2.2868543929584404,0.9767651114698844,10.415641121181094
-0.3610197222256635,0.5465271062026711,0.020342987072315476,-0.320201097530092,-0.06368266347558107,-0.3982105410885381,0.4502827578023674,-3.160027033482997
1.1575844531516053,1.336637178882559,1.2898323593624963,1.3223318138799693,1.3374582939217003,1.3532568748484546,1.1499769552228951,8.029995455581622
-0.3604820428383861,-0.2366009420767638,-0.14326482270466706,0.637797630834368,-0.46523272711338,0.39624286585757273,-0.17824068232878393,0.23279558913962628
-1.4140729867776263,-2.088924339782364,-1.2769560039791876,-0.9349961230093108,-1.0925345516442795,-1.1550789936465855,-1.316661989156088,-0.893131839206003
-1.2684757237793685,-1.742433600986989,-1.29431034110011,-1.3525089521922746,-1.5414086241282123,-1.1642099672385688,-1.878678036041089,1.593134197267811
0.6616124218051979,1.0264748436541602,0.21262069028890312,0.42980912272827804,0.48439458542133185,0.20170497562443615,0.5664081200056268,4.094609371761886
